Time,Event,ThreatScore
15:59:50,ACCIDENT,65
15:59:50,ACCIDENT,65
15:59:51,ACCIDENT,60
15:59:51,ACCIDENT,60
15:59:51,ACCIDENT,60
15:59:51,ACCIDENT,60
15:59:51,ACCIDENT,60
15:59:51,ACCIDENT,60
15:59:51,ACCIDENT,60
15:59:52,ACCIDENT,60
15:59:52,ACCIDENT,60
15:59:52,ACCIDENT,60
15:59:52,ACCIDENT,60
15:59:52,ACCIDENT,60
15:59:52,ACCIDENT,60
15:59:52,ACCIDENT,60
15:59:52,ACCIDENT,60
15:59:52,ACCIDENT,60
15:59:52,ACCIDENT,60
15:59:53,ACCIDENT,60
15:59:53,ACCIDENT,60
15:59:53,ACCIDENT,60
15:59:53,ACCIDENT,60
15:59:53,ACCIDENT,60
15:59:53,ACCIDENT,60
15:59:53,ACCIDENT,60
15:59:53,ACCIDENT,60
15:59:53,ACCIDENT,60
15:59:54,ACCIDENT,60
15:59:54,ACCIDENT,60
15:59:54,ACCIDENT,60
15:59:54,ACCIDENT,60
15:59:54,ACCIDENT,60
15:59:54,ACCIDENT,60
15:59:54,ACCIDENT,60
15:59:54,ACCIDENT,60
15:59:55,FIGHT,50
15:59:55,FIGHT,50
15:59:56,FIGHT,50
15:59:56,FIGHT,55
15:59:56,AGGRESSION,85
15:59:59,EMAIL ALERT SENT,85
16:00:00,FIGHT,55
16:00:00,FIGHT,50
16:00:00,FIGHT,50
16:00:00,FIGHT,50
16:00:00,AGGRESSION,40
16:00:00,FALL,65
16:00:00,FALL,35
16:00:01,AGGRESSION,35
16:00:02,ACCIDENT,65
16:00:02,ACCIDENT,65
16:00:02,ACCIDENT,65
16:00:03,AGGRESSION,35
16:00:03,ACCIDENT,95
16:00:03,ACCIDENT,65
16:00:03,FIGHT,50
16:00:03,ACCIDENT,110
16:00:03,FIGHT,50
16:00:03,ACCIDENT,110
16:00:03,FIGHT,50
16:00:03,ACCIDENT,110
16:00:03,FIGHT,50
16:00:03,ACCIDENT,110
16:00:03,FIGHT,50
16:00:03,ACCIDENT,110
16:00:03,FIGHT,55
16:00:03,ACCIDENT,115
16:00:03,FIGHT,55
16:00:03,ACCIDENT,115
16:00:03,FIGHT,55
16:00:03,ACCIDENT,115
16:00:04,FIGHT,50
16:00:04,ACCIDENT,110
16:00:04,FIGHT,50
16:00:04,ACCIDENT,110
16:00:04,ACCIDENT,70
16:00:04,ACCIDENT,70
16:00:04,ACCIDENT,70
16:00:04,FIGHT,55
16:00:04,ACCIDENT,115
16:00:04,FIGHT,55
16:00:04,ACCIDENT,115
16:00:05,ACCIDENT,65
16:00:05,ACCIDENT,65
16:00:05,ACCIDENT,65
16:00:05,ACCIDENT,70
16:00:05,ACCIDENT,70
16:00:05,ACCIDENT,65
16:00:05,ACCIDENT,65
16:00:05,ACCIDENT,65
16:00:06,AGGRESSION,35
16:00:06,AGGRESSION,40
16:00:06,AGGRESSION,40
16:00:06,AGGRESSION,40
16:00:06,ACCIDENT,65
16:00:07,ACCIDENT,65
16:00:08,ACCIDENT,65
16:00:08,ACCIDENT,65
16:00:09,ACCIDENT,65
16:00:09,ACCIDENT,65
16:00:09,ACCIDENT,65
16:00:10,ACCIDENT,65
16:00:10,ACCIDENT,65
16:00:10,ACCIDENT,65
16:00:10,ACCIDENT,65
16:00:10,ACCIDENT,65
16:00:11,ACCIDENT,70
16:00:11,ACCIDENT,70
16:00:11,ACCIDENT,70
16:00:11,FIGHT,55
16:00:11,FIGHT,55
16:00:11,ACCIDENT,65
16:00:11,ACCIDENT,65
16:00:11,ACCIDENT,65
16:00:12,FIGHT,55
16:00:12,AGGRESSION,85
16:00:12,FIGHT,55
16:00:12,AGGRESSION,85
16:00:12,FIGHT,55
16:00:12,AGGRESSION,85
16:00:12,AGGRESSION,40
16:00:12,FIGHT,60
16:00:12,FIGHT,60
16:00:12,FIGHT,60
16:00:13,FIGHT,55
16:00:13,ACCIDENT,115
16:00:13,FIGHT,55
16:00:13,ACCIDENT,115
16:00:13,ACCIDENT,70
16:00:13,ACCIDENT,70
16:00:13,ACCIDENT,70
16:00:14,FIGHT,60
16:00:14,AGGRESSION,90
16:00:14,FIGHT,60
16:00:14,AGGRESSION,90
16:00:14,ACCIDENT,70
16:00:14,ACCIDENT,70
16:00:14,ACCIDENT,70
16:00:14,ACCIDENT,75
16:00:14,ACCIDENT,75
16:00:14,FIGHT,55
16:00:14,ACCIDENT,115
16:00:14,FIGHT,55
16:00:14,ACCIDENT,115
16:00:14,FIGHT,55
16:00:14,ACCIDENT,115
16:00:15,ACCIDENT,70
16:00:15,ACCIDENT,70
16:00:15,ACCIDENT,65
16:00:15,ACCIDENT,65
16:00:15,ACCIDENT,65
16:00:15,ACCIDENT,60
16:00:15,ACCIDENT,60
16:00:15,AGGRESSION,50
16:00:15,ACCIDENT,110
16:00:15,AGGRESSION,50
16:00:15,ACCIDENT,110
16:00:15,AGGRESSION,50
16:00:15,ACCIDENT,110
16:00:16,ACCIDENT,70
16:00:16,ACCIDENT,70
16:00:16,ACCIDENT,65
16:00:16,ACCIDENT,65
16:00:16,ACCIDENT,65
16:00:16,ACCIDENT,65
16:00:16,ACCIDENT,65
16:00:16,AGGRESSION,45
16:00:17,FIGHT,65
16:00:17,AGGRESSION,95
16:00:17,ACCIDENT,155
16:00:17,FIGHT,65
16:00:17,ACCIDENT,125
16:00:17,AGGRESSION,45
16:00:17,AGGRESSION,45
16:00:17,AGGRESSION,45
16:00:17,ACCIDENT,70
16:00:17,ACCIDENT,70
16:00:19,ACCIDENT,70
16:00:19,ACCIDENT,70
16:00:20,ACCIDENT,70
16:00:20,ACCIDENT,70
16:00:20,ACCIDENT,65
16:00:20,ACCIDENT,65
16:00:20,ACCIDENT,65
16:00:20,FIGHT,55
16:00:20,FIGHT,55
16:00:21,FIGHT,55
16:00:21,ACCIDENT,80
16:00:21,ACCIDENT,80
16:00:22,FIGHT,65
16:00:22,FIGHT,65
16:00:22,FIGHT,65
16:00:22,FIGHT,55
16:00:22,FIGHT,55
16:00:22,AGGRESSION,55
16:00:22,ACCIDENT,115
16:00:22,AGGRESSION,55
16:00:22,ACCIDENT,115
16:00:23,AGGRESSION,55
16:00:23,ACCIDENT,115
16:00:23,AGGRESSION,55
16:00:23,AGGRESSION,55
16:00:23,LOITERING,65
16:00:23,AGGRESSION,95
16:00:23,LOITERING,65
16:00:23,AGGRESSION,95
16:00:23,LOITERING,65
16:00:23,AGGRESSION,95
16:00:23,AGGRESSION,55
16:00:23,AGGRESSION,55
16:00:23,FIGHT,55
16:00:23,FIGHT,55
16:00:24,FIGHT,55
16:00:25,ACCIDENT,65
16:00:25,ACCIDENT,65
16:00:25,ACCIDENT,65
16:00:26,ACCIDENT,70
16:00:26,ACCIDENT,70
16:00:26,ACCIDENT,70
16:00:26,ACCIDENT,70
16:00:26,ACCIDENT,70
16:00:26,ACCIDENT,70
16:00:27,ACCIDENT,75
16:00:27,ACCIDENT,75
16:00:27,ACCIDENT,70
16:00:27,ACCIDENT,70
16:00:27,ACCIDENT,70
16:00:27,ACCIDENT,75
16:00:27,ACCIDENT,75
16:00:28,LOITERING,50
16:00:28,LOITERING,50
16:00:28,LOITERING,50
16:00:28,ACCIDENT,70
16:00:28,ACCIDENT,70
16:00:28,LOITERING,60
16:00:28,FIGHT,100
16:00:28,ACCIDENT,160
16:00:28,LOITERING,60
16:00:28,FIGHT,100
16:00:28,ACCIDENT,160
16:00:29,LOITERING,60
16:00:29,FIGHT,100
16:00:29,ACCIDENT,160
16:00:29,FIGHT,65
16:00:29,ACCIDENT,125
16:00:29,FIGHT,65
16:00:29,ACCIDENT,125
16:00:29,ACCIDENT,70
16:00:29,ACCIDENT,70
16:00:29,ACCIDENT,70
16:00:30,AGGRESSION,45
16:00:30,FIGHT,55
16:00:30,FIGHT,55
16:00:30,ACCIDENT,75
16:00:30,ACCIDENT,75
16:00:31,ACCIDENT,75
16:00:31,AGGRESSION,45
16:00:31,ACCIDENT,105
16:00:31,AGGRESSION,45
16:00:31,ACCIDENT,105
16:00:31,AGGRESSION,45
16:00:31,ACCIDENT,105
16:00:31,ACCIDENT,75
16:00:31,ACCIDENT,75
16:00:31,ACCIDENT,75
16:00:32,ACCIDENT,75
16:00:32,ACCIDENT,75
16:00:32,ACCIDENT,80
16:00:32,ACCIDENT,80
16:00:32,FIGHT,55
16:00:32,ACCIDENT,115
16:00:32,FIGHT,55
16:00:32,ACCIDENT,115
16:00:32,FIGHT,55
16:00:32,ACCIDENT,115
16:00:32,AGGRESSION,40
16:00:32,ACCIDENT,100
16:00:32,ACCIDENT,70
16:00:33,ACCIDENT,70
16:00:33,ACCIDENT,70
16:00:33,ACCIDENT,65
16:00:33,ACCIDENT,65
16:00:33,ACCIDENT,65
16:00:35,ACCIDENT,75
16:00:35,ACCIDENT,75
16:00:35,ACCIDENT,75
16:00:35,ACCIDENT,70
16:00:35,ACCIDENT,70
16:00:35,ACCIDENT,70
16:00:35,ACCIDENT,70
16:00:36,ACCIDENT,65
16:00:36,ACCIDENT,70
16:00:36,AGGRESSION,40
16:00:37,AGGRESSION,35
16:00:37,AGGRESSION,45
16:00:37,AGGRESSION,45
16:00:38,AGGRESSION,45
16:00:38,AGGRESSION,40
16:00:38,ACCIDENT,75
16:00:38,ACCIDENT,75
16:00:38,ACCIDENT,75
16:00:38,FIGHT,60
16:00:38,FIGHT,60
16:00:38,AGGRESSION,90
16:00:40,FIGHT,50
16:00:41,FIGHT,50
16:00:41,FIGHT,50
16:00:41,AGGRESSION,40
16:00:43,ACCIDENT,70
16:00:43,ACCIDENT,70
16:00:43,ACCIDENT,70
16:00:43,FIGHT,55
16:00:43,AGGRESSION,85
16:00:43,ACCIDENT,145
16:00:43,FIGHT,55
16:00:43,ACCIDENT,115
16:00:43,ACCIDENT,75
16:00:43,ACCIDENT,75
16:00:43,ACCIDENT,75
16:00:43,AGGRESSION,40
16:00:43,ACCIDENT,100
16:00:43,ACCIDENT,75
16:00:44,AGGRESSION,45
16:00:44,ACCIDENT,105
16:00:44,AGGRESSION,45
16:00:44,ACCIDENT,105
16:00:44,AGGRESSION,50
16:00:44,ACCIDENT,110
16:00:44,ACCIDENT,75
16:00:44,ACCIDENT,75
16:00:44,ACCIDENT,70
16:00:44,ACCIDENT,70
16:00:44,ACCIDENT,70
16:00:44,ACCIDENT,70
16:00:45,ACCIDENT,70
16:00:45,ACCIDENT,65
16:00:45,ACCIDENT,65
16:02:31,FIGHT,60
16:02:32,FIGHT,65
16:02:32,FIGHT,65
16:02:32,AGGRESSION,95
16:02:36,EMAIL ALERT SENT,95
16:02:36,FIGHT,60
16:02:36,FIGHT,65
16:02:36,FIGHT,60
16:02:36,AGGRESSION,90
16:02:36,FIGHT,65
16:02:36,FIGHT,65
16:02:36,FIGHT,55
16:02:37,FIGHT,60
16:02:37,FIGHT,50
16:02:37,AGGRESSION,40
16:02:37,AGGRESSION,40
16:02:38,FIGHT,50
16:02:38,FIGHT,55
16:02:38,FIGHT,50
16:02:38,FIGHT,55
16:02:38,FIGHT,55
16:02:38,AGGRESSION,85
16:02:38,FIGHT,55
16:02:38,FIGHT,55
16:02:38,FIGHT,55
16:02:38,FIGHT,55
16:02:38,FIGHT,55
16:02:39,FIGHT,55
16:02:39,FIGHT,55
16:02:39,FIGHT,55
16:02:39,FIGHT,55
16:02:39,AGGRESSION,85
16:02:39,FIGHT,55
16:02:39,AGGRESSION,85
16:02:39,FIGHT,55
16:02:39,AGGRESSION,85
16:02:39,ACCIDENT,145
16:02:39,FIGHT,55
16:02:39,AGGRESSION,85
16:02:39,ACCIDENT,145
16:02:39,FIGHT,60
16:02:39,AGGRESSION,90
16:02:40,FIGHT,55
16:02:40,AGGRESSION,85
16:02:40,AGGRESSION,45
16:02:40,FIGHT,60
16:02:40,FIGHT,55
16:02:40,AGGRESSION,85
16:02:40,FIGHT,55
16:02:40,AGGRESSION,85
16:02:40,ACCIDENT,145
16:02:40,FIGHT,55
16:02:40,AGGRESSION,85
16:02:40,ACCIDENT,145
16:02:40,FIGHT,55
16:02:40,AGGRESSION,85
16:02:40,ACCIDENT,70
16:02:40,FIGHT,55
16:02:41,ACCIDENT,70
16:02:41,ACCIDENT,70
16:02:41,ACCIDENT,70
16:02:44,FIGHT,50
16:02:44,FIGHT,50
16:02:44,FIGHT,50
16:02:44,AGGRESSION,80
16:02:44,AGGRESSION,35
16:02:48,AGGRESSION,40
16:02:48,AGGRESSION,45
16:02:48,AGGRESSION,50
16:02:48,AGGRESSION,50
16:02:48,AGGRESSION,45
16:02:48,AGGRESSION,45
16:02:48,AGGRESSION,40
16:02:49,AGGRESSION,45
16:02:49,AGGRESSION,45
16:02:49,AGGRESSION,45
16:02:49,AGGRESSION,45
16:11:57,FIGHT,60
16:11:57,FIGHT,65
16:11:57,FIGHT,65
16:11:57,AGGRESSION,95
16:12:01,EMAIL ALERT SENT,95
16:12:01,FIGHT,60
16:12:01,FIGHT,65
16:12:01,FIGHT,60
16:12:01,AGGRESSION,90
16:12:01,FIGHT,65
16:12:01,FIGHT,65
16:12:02,FIGHT,55
16:12:02,FIGHT,60
16:12:02,FIGHT,50
16:12:03,AGGRESSION,40
16:12:03,AGGRESSION,40
16:12:04,FIGHT,50
16:12:04,FIGHT,55
16:12:04,FIGHT,50
16:12:04,FIGHT,55
16:12:04,FIGHT,55
16:12:04,AGGRESSION,85
16:12:04,FIGHT,55
16:12:04,FIGHT,55
16:12:04,FIGHT,55
16:12:04,FIGHT,55
16:12:04,FIGHT,55
16:12:04,FIGHT,55
16:12:05,FIGHT,55
16:12:05,FIGHT,55
16:12:05,FIGHT,55
16:12:05,AGGRESSION,85
16:12:05,FIGHT,55
16:12:05,AGGRESSION,85
16:12:05,FIGHT,55
16:12:05,AGGRESSION,85
16:12:05,ACCIDENT,145
16:12:05,FIGHT,55
16:12:05,AGGRESSION,85
16:12:05,ACCIDENT,145
16:12:05,FIGHT,60
16:12:05,AGGRESSION,90
16:12:05,FIGHT,55
16:12:05,AGGRESSION,85
16:12:06,AGGRESSION,45
16:12:06,FIGHT,60
16:12:06,FIGHT,55
16:12:06,AGGRESSION,85
16:12:06,FIGHT,55
16:12:06,AGGRESSION,85
16:12:06,ACCIDENT,145
16:12:06,FIGHT,55
16:12:06,AGGRESSION,85
16:12:06,ACCIDENT,145
16:12:06,FIGHT,55
16:12:06,AGGRESSION,85
16:12:06,ACCIDENT,70
16:12:06,FIGHT,55
16:12:07,ACCIDENT,70
16:12:07,ACCIDENT,70
16:12:07,ACCIDENT,70
16:12:10,FIGHT,50
16:12:10,FIGHT,50
16:12:10,FIGHT,50
16:12:10,AGGRESSION,80
16:12:10,AGGRESSION,35
16:12:14,AGGRESSION,40
16:12:14,AGGRESSION,45
16:12:14,AGGRESSION,50
16:12:14,AGGRESSION,50
16:12:14,AGGRESSION,45
16:12:14,AGGRESSION,45
16:12:15,AGGRESSION,40
16:12:15,AGGRESSION,45
16:12:15,AGGRESSION,45
16:12:15,AGGRESSION,45
16:12:15,AGGRESSION,45
16:12:21,LOITERING,60
16:12:21,FIGHT,100
16:12:21,AGGRESSION,130
16:12:25,EMAIL ALERT SENT,130
16:12:25,LOITERING,65
16:12:25,FIGHT,105
16:12:25,LOITERING,65
16:12:25,FIGHT,105
16:12:25,AGGRESSION,135
16:12:25,LOITERING,60
16:12:25,FIGHT,100
16:12:26,LOITERING,65
16:12:26,FIGHT,105
16:12:26,LOITERING,60
16:12:26,FIGHT,100
16:12:26,AGGRESSION,130
16:12:26,LOITERING,65
16:12:26,FIGHT,105
16:12:26,LOITERING,65
16:12:26,FIGHT,105
16:12:26,LOITERING,55
16:12:26,FIGHT,95
16:12:26,LOITERING,50
16:12:26,AGGRESSION,80
16:12:26,LOITERING,60
16:12:26,FIGHT,100
16:12:26,LOITERING,45
16:12:26,LOITERING,45
16:12:26,LOITERING,55
16:12:26,LOITERING,50
16:12:26,FIGHT,90
16:12:27,LOITERING,45
16:12:27,LOITERING,50
16:12:27,LOITERING,50
16:12:27,LOITERING,50
16:12:27,AGGRESSION,80
16:12:27,LOITERING,45
16:12:27,LOITERING,50
16:12:27,LOITERING,50
16:12:27,FIGHT,90
16:12:27,LOITERING,55
16:12:27,FIGHT,95
16:12:27,AGGRESSION,125
16:12:28,LOITERING,50
16:12:28,FIGHT,90
16:12:28,LOITERING,55
16:12:28,FIGHT,95
16:12:28,AGGRESSION,125
16:12:28,LOITERING,55
16:12:28,FIGHT,95
16:12:28,AGGRESSION,125
16:12:28,LOITERING,50
16:12:28,LOITERING,55
16:12:28,FIGHT,95
16:12:28,LOITERING,50
16:12:28,LOITERING,55
16:12:28,FIGHT,95
16:12:28,LOITERING,55
16:12:28,FIGHT,95
16:12:28,LOITERING,55
16:12:28,FIGHT,95
16:12:28,LOITERING,55
16:12:28,FIGHT,95
16:12:28,LOITERING,55
16:12:28,FIGHT,95
16:12:29,LOITERING,55
16:12:29,FIGHT,95
16:12:29,LOITERING,50
16:12:29,LOITERING,50
16:12:29,LOITERING,50
16:12:29,LOITERING,50
16:12:29,LOITERING,50
16:12:29,LOITERING,55
16:12:29,FIGHT,95
16:12:29,LOITERING,55
16:12:29,FIGHT,95
16:12:29,AGGRESSION,125
16:12:29,LOITERING,55
16:12:29,FIGHT,95
16:12:29,AGGRESSION,125
16:12:29,LOITERING,55
16:12:29,FIGHT,95
16:12:29,AGGRESSION,125
16:12:29,ACCIDENT,185
16:12:29,LOITERING,55
16:12:29,FIGHT,95
16:12:29,AGGRESSION,125
16:12:29,ACCIDENT,185
16:12:29,LOITERING,60
16:12:29,FIGHT,100
16:12:29,AGGRESSION,130
16:12:30,LOITERING,55
16:12:30,FIGHT,95
16:12:30,AGGRESSION,125
16:12:30,LOITERING,55
16:12:30,AGGRESSION,85
16:12:30,LOITERING,60
16:12:30,FIGHT,100
16:12:30,LOITERING,50
16:12:30,LOITERING,55
16:12:30,FIGHT,95
16:12:30,AGGRESSION,125
16:12:30,LOITERING,55
16:12:30,FIGHT,95
16:12:30,AGGRESSION,125
16:12:30,ACCIDENT,185
16:12:30,LOITERING,55
16:12:30,FIGHT,95
16:12:30,AGGRESSION,125
16:12:30,ACCIDENT,185
16:12:30,LOITERING,55
16:12:30,FIGHT,95
16:12:30,AGGRESSION,125
16:12:30,LOITERING,50
16:12:30,LOITERING,50
16:12:30,ACCIDENT,110
16:12:30,LOITERING,55
16:12:30,FIGHT,95
16:12:31,LOITERING,50
16:12:31,LOITERING,50
16:12:31,LOITERING,50
16:12:31,LOITERING,50
16:12:31,ACCIDENT,110
16:12:31,LOITERING,50
16:12:31,ACCIDENT,110
16:12:31,LOITERING,50
16:12:31,LOITERING,50
16:12:31,LOITERING,50
16:12:31,ACCIDENT,110
16:12:31,LOITERING,55
16:12:31,LOITERING,55
16:12:31,LOITERING,55
16:12:32,LOITERING,55
16:12:32,LOITERING,55
16:12:32,LOITERING,50
16:12:32,LOITERING,55
16:12:32,LOITERING,55
16:12:32,LOITERING,50
16:12:32,LOITERING,55
16:12:32,LOITERING,50
16:12:32,LOITERING,50
16:12:32,LOITERING,50
16:12:32,LOITERING,50
16:12:33,LOITERING,50
16:12:33,LOITERING,50
16:12:33,LOITERING,50
16:12:33,LOITERING,45
16:12:33,LOITERING,50
16:12:33,LOITERING,50
16:12:33,LOITERING,45
16:12:33,LOITERING,50
16:12:33,LOITERING,50
16:12:33,LOITERING,55
16:12:33,LOITERING,50
16:12:33,AGGRESSION,80
16:12:33,LOITERING,50
16:12:34,LOITERING,50
16:12:34,LOITERING,50
16:12:34,LOITERING,55
16:12:34,LOITERING,45
16:12:34,AGGRESSION,75
16:12:34,LOITERING,45
16:12:34,LOITERING,45
16:12:35,LOITERING,45
16:12:35,AGGRESSION,75
16:12:35,LOITERING,45
16:12:35,LOITERING,50
16:12:35,FIGHT,90
16:12:35,LOITERING,50
16:12:35,FIGHT,90
16:12:35,LOITERING,50
16:12:35,FIGHT,90
16:12:35,AGGRESSION,120
16:12:36,LOITERING,45
16:12:36,AGGRESSION,75
16:12:36,LOITERING,45
16:12:36,LOITERING,45
16:12:36,LOITERING,50
16:12:36,LOITERING,45
16:12:36,LOITERING,45
16:12:36,LOITERING,45
16:12:37,LOITERING,45
16:12:37,LOITERING,45
16:12:37,LOITERING,45
16:12:37,LOITERING,50
16:12:37,LOITERING,50
16:12:37,LOITERING,50
16:12:37,LOITERING,50
16:12:37,LOITERING,50
16:12:37,LOITERING,50
16:12:37,LOITERING,50
16:12:37,LOITERING,50
16:12:38,LOITERING,50
16:12:38,LOITERING,45
16:12:38,LOITERING,45
16:12:38,LOITERING,45
16:12:38,LOITERING,45
16:12:38,LOITERING,50
16:12:38,LOITERING,45
16:12:38,LOITERING,45
16:12:39,LOITERING,45
16:12:39,LOITERING,45
16:12:39,LOITERING,45
16:12:39,LOITERING,45
16:12:39,LOITERING,45
16:12:40,LOITERING,45
16:12:40,LOITERING,50
16:12:40,LOITERING,55
16:12:40,AGGRESSION,85
16:12:40,LOITERING,60
16:12:40,AGGRESSION,90
16:12:40,LOITERING,60
16:12:40,AGGRESSION,90
16:12:40,LOITERING,55
16:12:40,AGGRESSION,85
16:12:40,LOITERING,55
16:12:40,AGGRESSION,85
16:12:40,LOITERING,50
16:12:40,AGGRESSION,80
16:12:40,LOITERING,55
16:12:40,AGGRESSION,85
16:12:41,LOITERING,55
16:12:41,AGGRESSION,85
16:12:41,LOITERING,55
16:12:41,AGGRESSION,85
16:12:41,LOITERING,55
16:12:41,AGGRESSION,85
16:12:41,LOITERING,55
16:12:41,LOITERING,55
16:19:19,FIGHT,55
16:19:20,FIGHT,55
16:19:20,FIGHT,50
16:19:20,FIGHT,50
16:19:20,FIGHT,55
16:19:20,AGGRESSION,85
16:19:24,FIGHT,55
16:19:24,AGGRESSION,40
16:19:24,FIGHT,55
16:19:24,AGGRESSION,85
16:19:25,FIGHT,55
16:19:26,EMAIL ALERT SENT,85
16:19:26,FIGHT,60
16:19:26,AGGRESSION,90
16:19:26,AGGRESSION,40
16:19:26,FIGHT,55
16:19:26,AGGRESSION,85
16:19:26,FIGHT,55
16:19:26,AGGRESSION,85
16:19:26,FIGHT,55
16:19:27,FIGHT,65
16:19:27,FIGHT,55
16:19:27,FIGHT,65
16:19:27,FIGHT,55
16:19:27,FIGHT,65
16:19:27,FIGHT,65
16:19:27,AGGRESSION,95
16:19:28,FIGHT,55
16:19:28,FALL,80
16:19:28,AGGRESSION,40
16:19:28,FIGHT,60
16:19:28,FIGHT,55
16:19:28,FIGHT,60
16:19:28,AGGRESSION,90
16:19:28,FALL,115
16:19:28,AGGRESSION,45
16:19:28,FIGHT,50
16:19:28,AGGRESSION,80
16:19:29,AGGRESSION,50
16:19:29,EMAIL ALERT SENT,85
16:19:29,AGGRESSION,35
16:19:29,FIGHT,50
16:19:29,FIGHT,50
16:19:29,AGGRESSION,80
16:19:29,FIGHT,55
16:19:29,AGGRESSION,85
16:19:29,FALL,110
16:19:30,FIGHT,55
16:19:30,AGGRESSION,85
16:19:30,FIGHT,55
16:19:30,AGGRESSION,85
16:19:30,FIGHT,55
16:19:30,AGGRESSION,85
16:19:30,FIGHT,50
16:19:30,AGGRESSION,80
16:19:30,LOITERING,50
16:19:30,EMAIL ALERT SENT,85
16:19:30,FIGHT,60
16:19:30,LOITERING,50
16:19:31,LOITERING,45
16:19:31,AGGRESSION,75
16:19:31,FIGHT,55
16:19:31,LOITERING,55
16:19:31,FIGHT,95
16:19:31,AGGRESSION,125
16:19:31,LOITERING,50
16:19:31,FIGHT,90
16:19:31,AGGRESSION,120
16:19:31,FIGHT,55
16:19:31,FIGHT,60
16:19:31,AGGRESSION,90
16:19:31,LOITERING,45
16:19:31,FIGHT,60
16:19:31,FIGHT,55
16:19:31,AGGRESSION,85
16:19:31,LOITERING,45
16:19:31,FIGHT,55
16:19:32,FIGHT,55
16:19:32,AGGRESSION,85
16:19:32,LOITERING,45
16:19:32,AGGRESSION,40
16:19:32,LOITERING,50
16:19:32,FIGHT,90
16:19:32,FIGHT,60
16:19:32,AGGRESSION,90
16:19:32,FIGHT,65
16:19:32,AGGRESSION,95
16:19:32,LOITERING,50
16:19:32,FIGHT,55
16:19:32,FIGHT,65
16:19:33,LOITERING,50
16:19:33,FIGHT,55
16:19:33,AGGRESSION,85
16:19:33,FIGHT,55
16:19:33,LOITERING,55
16:19:33,FIGHT,95
16:19:33,AGGRESSION,125
16:19:33,FIGHT,65
16:19:33,FIGHT,60
16:19:33,FIGHT,55
16:19:33,FIGHT,65
16:19:33,FIGHT,55
16:19:33,FIGHT,60
16:19:34,FIGHT,55
16:19:34,FALL,80
16:19:34,FIGHT,55
16:19:34,FIGHT,55
16:19:34,AGGRESSION,85
16:19:34,FIGHT,60
16:19:34,EMAIL ALERT SENT,85
16:19:34,AGGRESSION,40
16:19:34,FIGHT,60
16:19:34,AGGRESSION,90
16:19:34,FALL,115
16:19:34,FIGHT,60
16:19:34,FIGHT,65
16:19:34,FIGHT,55
16:19:34,AGGRESSION,85
16:19:35,FIGHT,55
16:19:35,FIGHT,65
16:19:35,FIGHT,55
16:19:35,AGGRESSION,85
16:19:35,FIGHT,55
16:19:35,FIGHT,55
16:19:35,FIGHT,55
16:19:35,AGGRESSION,85
16:19:35,AGGRESSION,40
16:19:35,FIGHT,65
16:19:36,FIGHT,55
16:19:36,AGGRESSION,85
16:19:36,FIGHT,65
16:19:36,AGGRESSION,95
16:19:36,FIGHT,65
16:19:36,FIGHT,55
16:19:36,AGGRESSION,85
16:19:36,FIGHT,65
16:19:36,AGGRESSION,95
16:19:36,FIGHT,55
16:19:36,FALL,80
16:19:36,FIGHT,65
16:19:36,AGGRESSION,95
16:19:37,FIGHT,55
16:19:37,FIGHT,60
16:19:37,FIGHT,65
16:19:37,AGGRESSION,95
16:19:37,FIGHT,55
16:19:37,AGGRESSION,85
16:19:37,FALL,110
16:19:37,FIGHT,65
16:19:37,FIGHT,60
16:19:37,AGGRESSION,90
16:19:37,FALL,115
16:19:37,FIGHT,70
16:19:37,FIGHT,55
16:19:37,AGGRESSION,85
16:19:37,FIGHT,65
16:19:37,FIGHT,55
16:19:38,FIGHT,55
16:19:38,LOITERING,55
16:19:38,FIGHT,95
16:19:38,AGGRESSION,125
16:19:38,FALL,150
16:19:38,FIGHT,65
16:19:38,LOITERING,60
16:19:38,FIGHT,100
16:19:38,FIGHT,60
16:19:38,LOITERING,60
16:19:38,FIGHT,100
16:19:38,AGGRESSION,130
16:19:38,FALL,155
16:19:39,LOITERING,60
16:19:39,FIGHT,60
16:19:39,FIGHT,60
16:19:39,LOITERING,55
16:19:39,AGGRESSION,85
16:19:39,LOITERING,55
16:19:39,FIGHT,60
16:19:39,FIGHT,55
16:19:39,LOITERING,55
16:19:39,LOITERING,50
16:19:39,FIGHT,60
16:19:39,FIGHT,55
16:19:39,AGGRESSION,85
16:19:40,LOITERING,55
16:19:40,LOITERING,55
16:19:40,FIGHT,95
16:19:40,AGGRESSION,125
16:19:40,FALL,150
16:19:40,FIGHT,60
16:19:40,LOITERING,60
16:19:40,LOITERING,55
16:19:40,FIGHT,95
16:19:40,FIGHT,55
16:19:40,LOITERING,55
16:19:40,LOITERING,55
16:19:40,FIGHT,95
16:19:41,LOITERING,50
16:19:41,LOITERING,50
16:19:41,FIGHT,60
16:19:41,FIGHT,60
16:19:41,LOITERING,55
16:19:41,FIGHT,95
16:19:41,FALL,120
16:19:41,LOITERING,50
16:19:41,FIGHT,50
16:19:41,FIGHT,55
16:19:42,LOITERING,55
16:19:42,FIGHT,95
16:19:42,LOITERING,60
16:19:42,FIGHT,100
16:19:42,FIGHT,60
16:19:42,FIGHT,55
16:19:42,LOITERING,55
16:19:42,FIGHT,95
16:19:42,LOITERING,55
16:19:42,FIGHT,95
16:19:42,AGGRESSION,40
16:19:42,LOITERING,50
16:19:42,LOITERING,55
16:19:42,FIGHT,95
16:19:43,AGGRESSION,40
16:19:43,FIGHT,55
16:19:43,AGGRESSION,85
16:19:43,LOITERING,50
16:19:43,LOITERING,60
16:19:43,FIGHT,100
16:19:43,FIGHT,55
16:19:43,AGGRESSION,85
16:19:43,FIGHT,60
16:19:43,LOITERING,60
16:19:43,FIGHT,100
16:19:43,LOITERING,55
16:19:43,FIGHT,95
16:19:43,FIGHT,60
16:19:43,AGGRESSION,90
16:19:43,FIGHT,55
16:19:43,LOITERING,55
16:19:43,FIGHT,95
16:19:44,LOITERING,50
16:19:44,AGGRESSION,45
16:19:44,LOITERING,55
16:19:44,FIGHT,95
16:19:44,AGGRESSION,125
16:19:44,LOITERING,60
16:19:44,FIGHT,100
16:19:44,FIGHT,55
16:19:44,LOITERING,60
16:19:44,FIGHT,100
16:19:44,LOITERING,55
16:19:44,FIGHT,95
16:19:45,FIGHT,55
16:19:45,LOITERING,55
16:19:45,FIGHT,95
16:19:45,LOITERING,55
16:19:45,FIGHT,95
16:19:45,FIGHT,55
16:19:45,AGGRESSION,85
16:19:45,FALL,110
16:19:45,FIGHT,55
16:19:45,LOITERING,50
16:19:45,LOITERING,50
16:19:45,AGGRESSION,45
16:19:45,FALL,70
16:19:45,FIGHT,55
16:19:45,AGGRESSION,85
16:19:45,LOITERING,60
16:19:45,FIGHT,100
16:19:45,LOITERING,55
16:19:45,FIGHT,95
16:19:46,FALL,35
16:19:46,FIGHT,55
16:19:46,LOITERING,55
16:19:46,FIGHT,95
16:19:46,LOITERING,60
16:19:46,FIGHT,100
16:19:46,AGGRESSION,40
16:19:46,FALL,65
16:19:46,FIGHT,65
16:19:46,AGGRESSION,95
16:19:46,LOITERING,55
16:19:46,FIGHT,95
16:19:46,AGGRESSION,125
16:19:46,LOITERING,55
16:19:46,FIGHT,95
16:19:46,FALL,35
16:19:46,FIGHT,65
16:19:46,AGGRESSION,95
16:19:46,LOITERING,50
16:19:46,AGGRESSION,80
16:19:47,LOITERING,55
16:19:47,AGGRESSION,85
16:19:47,FIGHT,60
16:19:47,AGGRESSION,90
16:19:47,FALL,115
16:19:47,FIGHT,70
16:19:47,AGGRESSION,100
16:19:47,LOITERING,55
16:19:47,FIGHT,95
16:19:47,AGGRESSION,125
16:19:47,LOITERING,55
16:19:47,FIGHT,95
16:19:47,AGGRESSION,45
16:19:47,FALL,70
16:19:47,FIGHT,55
16:19:47,LOITERING,60
16:19:47,FIGHT,100
16:19:47,LOITERING,55
16:19:47,FIGHT,95
16:19:47,AGGRESSION,125
16:19:47,FALL,35
16:19:48,FIGHT,65
16:19:48,AGGRESSION,95
16:19:48,LOITERING,55
16:19:48,FIGHT,95
16:19:48,LOITERING,55
16:19:48,FIGHT,95
16:19:48,FIGHT,55
16:19:48,FALL,80
16:19:48,FIGHT,60
16:19:48,AGGRESSION,90
16:19:48,LOITERING,55
16:19:48,AGGRESSION,85
16:19:48,LOITERING,55
16:19:48,FIGHT,95
16:19:48,FIGHT,60
16:19:48,FALL,85
16:19:48,FIGHT,60
16:19:48,LOITERING,55
16:19:48,FIGHT,95
16:19:49,LOITERING,55
16:19:49,FIGHT,95
16:19:49,FIGHT,60
16:19:49,FALL,85
16:19:49,FIGHT,60
16:19:49,AGGRESSION,90
16:19:49,LOITERING,55
16:19:49,FIGHT,95
16:19:49,LOITERING,65
16:19:49,FIGHT,105
16:19:49,AGGRESSION,135
16:19:49,AGGRESSION,45
16:19:49,FALL,70
16:19:49,LOITERING,60
16:19:49,FIGHT,100
16:19:49,LOITERING,55
16:19:49,FIGHT,95
16:19:49,AGGRESSION,125
16:19:50,LOITERING,65
16:19:50,FIGHT,105
16:19:50,AGGRESSION,135
16:19:50,FIGHT,55
16:19:50,FALL,80
16:19:50,LOITERING,50
16:19:50,LOITERING,55
16:19:50,FIGHT,95
16:19:50,AGGRESSION,125
16:19:50,LOITERING,70
16:19:50,FIGHT,110
16:19:50,AGGRESSION,45
16:19:50,FALL,70
16:19:51,FIGHT,55
16:19:51,FALL,80
16:19:51,FIGHT,55
16:19:51,FALL,80
16:19:51,FIGHT,55
16:19:51,FALL,80
16:19:51,FIGHT,55
16:19:51,FALL,80
16:19:51,FIGHT,55
16:19:51,FALL,80
16:19:52,FIGHT,55
16:19:52,FALL,80
16:19:57,FIGHT,55
16:19:57,FALL,80
16:23:21,FIGHT,55
16:23:21,FALL,80
16:23:21,FIGHT,55
16:23:21,FALL,80
16:23:21,FIGHT,55
16:23:21,FALL,80
16:23:22,FIGHT,55
16:23:22,FALL,80
16:23:22,FIGHT,55
16:23:22,FALL,80
16:23:22,FIGHT,55
16:23:22,FALL,80
16:23:22,FIGHT,55
16:23:22,FALL,80
16:23:22,FIGHT,55
16:23:22,FALL,80
16:23:22,FIGHT,55
16:23:22,FALL,80
16:23:22,FIGHT,55
16:23:22,FALL,80
16:23:22,FIGHT,55
16:23:22,FALL,80
16:23:22,FIGHT,55
16:23:22,FALL,80
16:23:23,FIGHT,55
16:23:23,FALL,80
16:23:23,FIGHT,55
16:23:23,FALL,80
16:23:23,FIGHT,55
16:23:23,FALL,80
16:23:23,FIGHT,55
16:23:23,FALL,80
16:23:23,FIGHT,55
16:23:23,FALL,80
16:23:23,FIGHT,55
16:23:23,FALL,80
16:23:23,FIGHT,55
16:23:23,FALL,80
16:23:23,FIGHT,55
16:23:23,FALL,80
16:23:23,FIGHT,55
16:23:23,FALL,80
16:23:24,FIGHT,55
16:23:24,FALL,80
16:23:24,FIGHT,60
16:23:24,FALL,85
16:23:29,EMAIL ALERT SENT,85
16:23:29,FIGHT,60
16:23:29,FALL,85
16:23:29,FIGHT,60
16:23:29,FALL,85
16:23:29,FIGHT,60
16:23:29,FALL,85
16:23:29,FIGHT,60
16:23:29,FALL,85
16:23:29,FIGHT,60
16:23:29,FALL,85
16:23:30,FIGHT,60
16:23:30,FALL,85
16:23:30,FIGHT,60
16:23:30,FALL,85
16:23:30,FIGHT,60
16:23:30,FALL,85
16:23:30,FIGHT,60
16:23:30,FALL,85
16:23:30,FIGHT,60
16:23:30,FALL,85
16:23:30,FIGHT,60
16:23:30,FALL,85
16:23:30,FIGHT,60
16:23:30,FALL,85
16:23:30,FIGHT,60
16:23:30,FALL,85
16:23:30,FIGHT,60
16:23:30,FALL,85
16:23:30,FIGHT,55
16:23:30,FALL,80
16:23:30,FIGHT,55
16:23:30,FALL,80
16:23:31,FIGHT,55
16:23:31,FALL,80
16:23:31,FIGHT,55
16:23:31,FALL,80
16:23:31,FIGHT,55
16:23:31,FALL,80
16:23:31,FIGHT,60
16:23:31,FALL,85
16:23:31,FIGHT,55
16:23:31,FALL,80
16:23:32,FIGHT,60
16:23:32,FALL,85
16:23:32,FIGHT,60
16:23:32,FALL,85
16:23:32,FIGHT,60
16:23:32,FALL,85
16:23:33,LOITERING,60
16:23:33,FIGHT,100
16:23:33,FALL,125
16:23:33,FIGHT,60
16:23:33,FALL,85
16:23:33,FIGHT,60
16:23:33,FALL,85
16:23:33,FIGHT,60
16:23:33,FALL,85
16:23:33,FIGHT,60
16:23:33,FALL,85
16:23:33,FIGHT,60
16:23:33,FALL,85
16:23:33,FIGHT,60
16:23:33,FALL,85
16:23:33,LOITERING,60
16:23:33,FIGHT,100
16:23:33,FALL,125
16:23:33,FIGHT,60
16:23:33,FALL,85
16:23:33,FIGHT,55
16:23:33,FALL,80
16:23:33,FIGHT,55
16:23:33,FALL,80
16:23:34,LOITERING,55
16:23:34,FIGHT,95
16:23:34,FALL,120
16:23:34,LOITERING,55
16:23:34,FIGHT,95
16:23:34,FALL,120
16:23:34,LOITERING,55
16:23:34,FIGHT,95
16:23:34,FALL,120
16:23:34,FIGHT,60
16:23:34,FALL,85
16:23:34,FIGHT,55
16:23:34,FALL,80
16:23:34,FIGHT,60
16:23:34,FALL,85
16:23:34,FIGHT,55
16:23:34,FALL,80
16:23:34,FIGHT,55
16:23:34,FALL,80
16:23:36,FIGHT,55
16:23:36,FALL,80
16:23:36,FIGHT,55
16:23:36,FALL,80
16:23:36,FIGHT,55
16:23:36,FALL,80
16:23:36,LOITERING,55
16:23:36,FIGHT,95
16:23:36,FALL,120
16:23:36,FIGHT,60
16:23:36,FALL,85
16:23:36,FIGHT,60
16:23:36,FALL,85
16:23:36,FIGHT,60
16:23:36,FALL,85
16:23:36,FIGHT,60
16:23:36,FALL,85
16:23:36,FIGHT,60
16:23:36,FALL,85
16:23:36,FIGHT,50
16:23:36,AGGRESSION,80
16:23:36,FALL,105
16:23:36,FIGHT,50
16:23:36,FALL,75
16:23:37,FIGHT,50
16:23:37,FALL,75
16:23:37,FIGHT,50
16:23:37,FALL,75
16:23:37,FIGHT,50
16:23:37,FALL,75
16:23:37,FIGHT,55
16:23:37,FALL,80
16:23:37,FIGHT,55
16:23:37,AGGRESSION,85
16:23:37,FALL,110
16:23:37,FIGHT,55
16:23:37,AGGRESSION,85
16:23:37,FALL,110
16:23:37,FIGHT,60
16:23:37,AGGRESSION,90
16:23:37,FALL,115
16:23:37,FIGHT,60
16:23:37,AGGRESSION,90
16:23:37,FALL,115
16:23:37,FIGHT,60
16:23:37,AGGRESSION,90
16:23:37,FALL,115
16:23:37,FIGHT,60
16:23:37,FALL,85
16:23:38,FIGHT,60
16:23:38,FALL,85
16:23:38,FIGHT,60
16:23:38,FALL,85
16:23:38,FIGHT,60
16:23:38,FALL,85
16:23:38,FIGHT,65
16:23:38,FALL,90
16:23:38,FIGHT,60
16:23:38,FALL,85
16:23:38,FIGHT,60
16:23:38,FALL,85
16:23:38,FIGHT,60
16:23:38,FALL,85
16:23:38,FIGHT,55
16:23:38,FALL,80
16:23:38,FIGHT,55
16:23:38,FALL,80
16:23:38,FIGHT,55
16:23:38,FALL,80
16:23:39,FIGHT,60
16:23:39,FALL,85
16:23:39,FIGHT,65
16:23:39,FALL,90
16:23:39,FIGHT,65
16:23:39,FALL,90
16:23:39,FIGHT,65
16:23:39,FALL,90
16:23:39,FIGHT,65
16:23:39,FALL,90
16:23:39,FIGHT,50
16:23:39,FALL,75
16:23:39,FIGHT,50
16:23:39,FALL,75
16:23:39,FIGHT,50
16:23:39,FALL,75
16:23:39,FIGHT,50
16:23:39,FALL,75
16:23:39,FALL,30
16:23:39,FIGHT,55
16:23:39,FALL,80
16:23:40,FIGHT,55
16:23:40,AGGRESSION,85
16:23:40,FALL,110
16:23:40,FIGHT,50
16:23:40,FALL,75
16:23:40,FIGHT,55
16:23:40,AGGRESSION,85
16:23:40,FALL,110
16:23:40,FIGHT,50
16:23:40,FALL,75
16:23:40,FIGHT,60
16:23:40,FALL,85
16:23:40,FIGHT,55
16:23:40,AGGRESSION,85
16:23:40,FALL,110
16:23:40,FIGHT,60
16:23:40,FALL,85
16:23:40,FIGHT,60
16:23:40,FALL,85
16:23:40,FIGHT,60
16:23:40,FALL,85
16:23:41,FIGHT,60
16:23:41,FALL,85
16:23:41,FIGHT,60
16:23:41,FALL,85
16:23:41,FIGHT,60
16:23:41,FALL,85
16:23:41,FIGHT,65
16:23:41,FALL,90
16:23:41,FIGHT,65
16:23:41,FALL,90
16:23:41,FIGHT,65
16:23:41,FALL,90
16:23:41,FIGHT,60
16:23:41,FALL,85
16:23:41,FIGHT,55
16:23:41,AGGRESSION,85
16:23:41,FALL,110
16:23:41,FIGHT,55
16:23:41,AGGRESSION,85
16:23:41,FALL,110
16:23:41,FIGHT,55
16:23:41,FALL,80
16:23:42,FIGHT,55
16:23:42,FALL,80
16:23:42,FIGHT,50
16:23:42,FALL,75
16:23:42,FIGHT,55
16:23:42,FALL,80
16:23:42,FIGHT,50
16:23:42,FALL,75
16:23:42,FIGHT,50
16:23:42,FALL,75
16:23:42,FIGHT,50
16:23:42,FALL,75
16:23:42,FIGHT,55
16:23:42,FALL,80
16:23:42,FIGHT,55
16:23:42,FALL,80
16:23:42,FIGHT,50
16:23:42,FALL,75
16:23:42,FIGHT,50
16:23:42,AGGRESSION,80
16:23:42,FALL,105
16:23:42,FIGHT,55
16:23:42,FALL,80
16:23:43,FIGHT,55
16:23:43,AGGRESSION,85
16:23:43,FALL,110
16:23:43,FIGHT,60
16:23:43,FALL,85
16:23:43,FIGHT,60
16:23:43,FALL,85
16:23:43,FIGHT,60
16:23:43,FALL,85
16:23:43,FIGHT,60
16:23:43,FALL,85
16:23:43,FIGHT,60
16:23:43,FALL,85
16:23:43,FIGHT,65
16:23:43,FALL,90
16:23:43,FIGHT,65
16:23:43,FALL,90
16:23:43,FIGHT,65
16:23:43,FALL,90
16:23:44,FIGHT,65
16:23:44,FALL,90
16:23:44,FIGHT,65
16:23:44,FALL,90
16:23:44,FIGHT,65
16:23:44,FALL,90
16:23:44,FIGHT,65
16:23:44,FALL,90
16:23:44,FIGHT,65
16:23:44,FALL,90
16:23:44,FIGHT,65
16:23:44,FALL,90
16:23:44,FIGHT,65
16:23:44,FALL,90
16:23:44,FIGHT,65
16:23:44,FALL,90
16:23:44,FIGHT,65
16:23:44,FALL,90
16:23:45,FIGHT,65
16:23:45,FALL,90
16:23:45,FIGHT,60
16:23:45,FALL,85
16:23:45,FIGHT,60
16:23:45,FALL,85
16:23:45,FIGHT,55
16:23:45,FALL,80
16:23:45,FIGHT,55
16:23:45,FALL,80
16:23:45,FIGHT,55
16:23:45,FALL,80
16:23:45,FIGHT,55
16:23:45,FALL,80
16:23:45,FIGHT,55
16:23:45,FALL,80
16:23:45,FIGHT,55
16:23:45,FALL,80
16:23:45,FIGHT,55
16:23:45,FALL,80
16:23:45,FIGHT,55
16:23:45,FALL,80
16:23:46,FIGHT,55
16:23:46,FALL,80
16:23:46,FIGHT,55
16:23:46,FALL,80
16:23:46,FIGHT,55
16:23:46,FALL,80
16:23:46,FIGHT,55
16:23:46,FALL,80
16:23:46,FIGHT,55
16:23:46,FALL,80
16:23:46,FIGHT,55
16:23:46,FALL,80
16:23:46,FIGHT,55
16:23:46,FALL,80
16:23:46,FIGHT,55
16:23:46,FALL,80
16:23:46,FIGHT,55
16:23:46,FALL,80
16:23:46,FIGHT,55
16:23:46,FALL,80
16:23:47,FIGHT,55
16:23:47,FALL,80
16:23:47,FIGHT,55
16:23:47,FALL,80
16:23:47,FIGHT,55
16:23:47,FALL,80
16:23:47,FIGHT,55
16:23:47,FALL,80
16:23:47,FIGHT,55
16:23:47,FALL,80
16:23:47,FALL,35
16:23:47,FIGHT,55
16:23:47,FALL,80
16:23:47,LOITERING,55
16:23:47,FIGHT,95
16:23:47,FALL,120
16:23:47,FIGHT,55
16:23:47,FALL,80
16:23:48,AGGRESSION,40
16:23:48,FALL,65
16:23:48,FALL,35
16:23:48,FALL,35
16:23:48,FALL,35
16:23:48,FALL,35
16:23:48,FALL,35
16:23:48,FALL,35
16:23:48,FALL,35
16:23:48,FALL,35
16:23:48,FALL,35
16:23:48,FALL,35
16:23:49,FALL,35
16:23:49,FALL,35
16:23:49,FIGHT,60
16:23:49,FALL,85
16:23:49,FIGHT,55
16:23:49,FALL,80
16:23:49,FIGHT,55
16:23:49,FALL,80
16:23:49,FIGHT,55
16:23:49,FALL,80
16:23:49,FIGHT,55
16:23:49,FALL,80
16:23:49,FIGHT,55
16:23:49,FALL,80
16:23:49,FIGHT,55
16:23:49,FALL,80
16:23:50,FIGHT,55
16:23:50,FALL,80
16:23:50,FIGHT,55
16:23:50,FALL,80
16:23:50,FIGHT,60
16:23:50,FALL,85
16:23:50,FIGHT,55
16:23:50,FALL,80
16:23:50,FIGHT,55
16:23:50,FALL,80
16:23:50,FIGHT,55
16:23:50,FALL,80
16:23:50,FALL,35
16:23:50,FALL,35
16:23:50,FIGHT,55
16:23:50,FALL,80
16:23:51,FIGHT,50
16:23:51,FALL,75
16:23:51,FIGHT,50
16:23:51,FALL,75
16:23:51,FIGHT,50
16:23:51,FALL,75
16:23:51,FIGHT,50
16:23:51,FALL,75
16:23:51,FIGHT,50
16:23:51,FALL,75
16:23:51,FIGHT,50
16:23:51,FALL,75
16:23:51,FIGHT,50
16:23:51,FALL,75
16:23:51,FIGHT,50
16:23:51,FALL,75
16:23:51,FIGHT,50
16:23:51,FALL,75
16:23:51,FIGHT,55
16:23:51,FALL,80
16:23:52,FIGHT,55
16:23:52,FALL,80
16:23:52,FIGHT,50
16:23:52,FALL,75
16:23:52,FIGHT,55
16:23:52,FALL,80
16:23:52,FIGHT,50
16:23:52,FALL,75
16:23:52,FALL,35
16:23:52,FALL,35
16:23:52,FIGHT,55
16:23:52,FALL,80
16:23:52,FIGHT,55
16:23:52,FALL,80
16:23:52,FIGHT,55
16:23:52,FALL,80
16:23:52,FIGHT,55
16:23:52,FALL,80
16:23:53,FIGHT,55
16:23:53,FALL,80
16:23:53,FIGHT,55
16:23:53,FALL,80
16:23:53,LOITERING,60
16:23:53,FIGHT,100
16:23:53,FALL,125
16:23:53,LOITERING,60
16:23:53,FIGHT,100
16:23:53,AGGRESSION,130
16:23:53,FALL,155
16:23:53,FIGHT,55
16:23:53,AGGRESSION,85
16:23:53,FALL,110
16:23:53,FIGHT,55
16:23:53,FALL,80
16:23:53,FIGHT,55
16:23:53,FALL,80
16:23:53,FIGHT,55
16:23:53,FALL,80
16:23:53,FIGHT,55
16:23:53,FALL,80
16:23:53,FIGHT,55
16:23:53,FALL,80
16:23:54,FIGHT,55
16:23:54,FALL,80
16:23:54,FIGHT,55
16:23:54,FALL,80
16:23:54,FIGHT,60
16:23:54,FALL,85
16:23:54,FIGHT,60
16:23:54,FALL,85
16:23:54,FIGHT,55
16:23:54,FALL,80
16:23:54,FIGHT,60
16:23:54,FALL,85
16:23:54,FIGHT,65
16:23:54,FALL,90
16:23:54,FIGHT,60
16:23:54,FALL,85
16:23:55,FIGHT,60
16:23:55,FALL,85
16:23:55,FIGHT,60
16:23:55,FALL,85
16:23:55,FIGHT,60
16:23:55,FALL,85
16:23:55,FIGHT,60
16:23:55,FALL,85
16:23:55,FIGHT,55
16:23:55,FALL,80
16:23:55,FALL,30
16:23:55,FIGHT,50
16:23:55,FALL,75
16:23:55,FALL,30
16:23:55,FIGHT,50
16:23:55,FALL,75
16:23:55,FALL,30
16:23:55,FIGHT,50
16:23:55,FALL,75
16:23:56,FIGHT,55
16:23:56,FALL,80
16:23:56,FIGHT,55
16:23:56,FALL,80
16:23:56,FIGHT,50
16:23:56,FALL,75
16:23:56,FIGHT,50
16:23:56,FALL,75
16:23:56,FALL,35
16:23:56,FIGHT,55
16:23:56,AGGRESSION,85
16:23:56,FALL,110
16:23:56,FIGHT,55
16:23:56,FALL,80
16:23:56,FIGHT,55
16:23:56,FALL,80
16:23:56,FIGHT,55
16:23:56,FALL,80
16:23:56,FALL,35
16:23:57,FIGHT,50
16:23:57,FALL,75
16:23:57,FIGHT,50
16:23:57,AGGRESSION,80
16:23:57,FALL,105
16:23:57,FIGHT,55
16:23:57,FALL,80
16:23:57,LOITERING,55
16:23:57,FIGHT,95
16:23:57,FALL,120
16:23:57,FIGHT,55
16:23:57,FALL,80
16:23:57,FIGHT,55
16:23:57,FALL,80
16:23:57,FIGHT,50
16:23:57,FALL,75
16:23:57,FIGHT,50
16:23:57,FALL,75
16:23:57,FIGHT,50
16:23:57,FALL,75
16:23:58,FIGHT,50
16:23:58,AGGRESSION,80
16:23:58,FALL,105
16:23:58,FIGHT,55
16:23:58,AGGRESSION,85
16:23:58,FALL,110
16:23:58,FIGHT,55
16:23:58,FALL,80
16:23:58,LOITERING,55
16:23:58,FIGHT,95
16:23:58,FALL,120
16:23:58,FIGHT,55
16:23:58,FALL,80
16:23:58,LOITERING,55
16:23:58,FIGHT,95
16:23:58,AGGRESSION,125
16:23:58,FALL,150
16:23:58,FIGHT,55
16:23:58,FALL,80
16:23:58,FIGHT,55
16:23:58,FALL,80
16:23:59,FIGHT,55
16:23:59,FALL,80
16:23:59,FIGHT,55
16:23:59,FALL,80
16:23:59,FIGHT,55
16:23:59,FALL,80
16:23:59,FIGHT,55
16:23:59,FALL,80
16:23:59,FIGHT,55
16:23:59,FALL,80
16:23:59,FIGHT,55
16:23:59,FALL,80
16:23:59,FIGHT,55
16:23:59,FALL,80
16:23:59,FIGHT,55
16:23:59,FALL,80
16:23:59,FIGHT,55
16:23:59,FALL,80
16:23:59,FIGHT,55
16:23:59,FALL,80
16:24:00,FIGHT,55
16:24:00,FALL,80
16:24:00,FIGHT,55
16:24:00,FALL,80
16:24:00,FALL,35
16:24:00,FIGHT,50
16:24:00,AGGRESSION,80
16:24:00,FALL,105
16:24:00,FIGHT,55
16:24:00,FALL,80
16:24:00,FIGHT,55
16:24:00,FALL,80
16:24:00,FIGHT,55
16:24:00,FALL,80
16:24:00,FIGHT,55
16:24:00,FALL,80
16:24:00,FIGHT,55
16:24:00,FALL,80
16:24:00,FIGHT,55
16:24:00,FALL,80
16:24:01,FIGHT,55
16:24:01,FALL,80
16:24:01,FIGHT,55
16:24:01,FALL,80
16:24:01,FIGHT,55
16:24:01,FALL,80
16:24:01,FIGHT,55
16:24:01,FALL,80
16:24:01,FIGHT,55
16:24:01,FALL,80
16:24:01,FIGHT,55
16:24:01,FALL,80
16:24:01,FIGHT,55
16:24:01,FALL,80
16:24:01,FIGHT,55
16:24:01,FALL,80
16:24:01,FIGHT,55
16:24:01,FALL,80
16:24:01,FIGHT,55
16:24:01,FALL,80
16:24:02,FIGHT,50
16:24:02,FALL,75
16:24:02,FALL,30
16:24:02,FALL,30
16:24:02,FIGHT,50
16:24:02,AGGRESSION,80
16:24:02,FALL,105
16:24:02,FIGHT,50
16:24:02,FALL,75
16:24:02,FIGHT,50
16:24:02,AGGRESSION,80
16:24:02,FALL,105
16:24:02,FIGHT,50
16:24:02,FALL,75
16:24:02,FIGHT,50
16:24:02,FALL,75
16:24:02,FIGHT,50
16:24:02,FALL,75
16:24:02,FIGHT,50
16:24:02,FALL,75
16:24:03,FIGHT,50
16:24:03,FALL,75
16:24:03,FIGHT,50
16:24:03,FALL,75
16:24:03,FIGHT,50
16:24:03,FALL,75
16:24:03,FIGHT,50
16:24:03,FALL,75
16:24:03,FIGHT,50
16:24:03,FALL,75
16:24:03,AGGRESSION,35
16:24:03,FALL,60
16:24:03,FIGHT,55
16:24:03,FALL,80
16:24:03,FIGHT,55
16:24:03,FALL,80
16:24:03,AGGRESSION,35
16:24:03,FALL,60
16:24:04,FALL,30
16:24:04,FALL,30
16:24:04,FALL,30
16:24:04,FALL,30
16:24:04,FALL,30
16:24:04,FALL,30
16:24:04,FALL,30
16:24:04,FIGHT,50
16:24:04,FALL,75
16:24:04,FALL,30
16:24:05,FIGHT,50
16:24:05,FALL,75
16:24:05,FIGHT,55
16:24:05,FALL,80
16:24:05,FIGHT,55
16:24:05,FALL,80
16:24:05,FALL,30
16:24:05,FIGHT,50
16:24:05,FALL,75
16:24:05,FALL,30
16:24:05,FALL,30
16:24:05,FIGHT,50
16:24:05,FALL,75
16:24:05,FIGHT,60
16:24:05,FALL,85
16:24:06,FIGHT,55
16:24:06,FALL,80
16:24:06,FIGHT,55
16:24:06,FALL,80
16:24:06,FIGHT,60
16:24:06,FALL,85
16:24:06,LOITERING,60
16:24:06,FIGHT,100
16:24:06,FALL,125
16:24:06,FIGHT,50
16:24:06,AGGRESSION,80
16:24:06,FALL,105
16:24:06,FIGHT,60
16:24:06,AGGRESSION,90
16:24:06,FALL,115
16:24:06,FIGHT,60
16:24:06,AGGRESSION,90
16:24:06,FALL,115
16:24:06,FIGHT,60
16:24:06,AGGRESSION,90
16:24:06,FALL,115
16:24:06,FIGHT,60
16:24:06,AGGRESSION,90
16:24:06,FALL,115
16:24:06,FALL,30
16:24:07,FALL,30
16:24:07,FIGHT,50
16:24:07,FALL,75
16:24:07,FIGHT,55
16:24:07,FALL,80
16:24:07,FIGHT,55
16:24:07,FALL,80
16:24:07,FIGHT,55
16:24:07,FALL,80
16:24:07,FIGHT,55
16:24:07,FALL,80
16:24:07,FIGHT,55
16:24:07,FALL,80
16:24:07,FIGHT,50
16:24:07,FALL,75
16:24:07,FIGHT,60
16:24:07,FALL,85
16:24:07,FIGHT,60
16:24:07,FALL,85
16:24:08,FIGHT,60
16:24:08,FALL,85
16:24:08,FIGHT,55
16:24:08,FALL,80
16:24:08,FIGHT,50
16:24:08,FALL,75
16:24:08,FALL,30
16:24:08,AGGRESSION,40
16:24:08,FALL,65
16:24:08,FIGHT,55
16:24:08,FALL,80
16:24:08,FIGHT,55
16:24:08,FALL,80
16:24:08,AGGRESSION,40
16:24:08,FALL,30
16:24:09,FALL,30
16:24:09,FALL,30
16:24:09,FALL,30
16:24:09,FALL,30
16:24:09,FALL,30
16:24:09,FALL,30
16:24:09,FALL,30
16:24:09,FALL,30
16:24:09,FALL,30
16:24:10,FALL,30
16:24:10,FALL,30
16:24:10,FALL,30
16:24:10,FIGHT,50
16:24:10,FALL,75
16:24:10,FIGHT,50
16:24:10,FALL,75
16:24:10,FIGHT,55
16:24:10,AGGRESSION,85
16:24:10,FALL,110
16:24:10,LOITERING,55
16:24:10,FIGHT,95
16:24:10,FALL,120
16:24:10,LOITERING,55
16:24:10,FIGHT,95
16:24:10,FALL,120
16:24:10,FALL,30
16:24:11,FALL,30
16:24:11,FALL,30
16:24:11,FIGHT,50
16:24:11,FALL,75
16:24:11,FALL,30
16:24:11,FIGHT,50
16:24:11,AGGRESSION,80
16:24:11,FALL,105
16:24:11,FIGHT,50
16:24:11,FALL,75
16:24:11,FIGHT,50
16:24:11,FALL,75
16:24:11,LOITERING,55
16:24:11,FIGHT,95
16:24:11,AGGRESSION,125
16:24:11,FALL,150
16:24:11,LOITERING,55
16:24:11,FIGHT,95
16:24:11,AGGRESSION,125
16:24:11,FALL,150
16:24:11,LOITERING,55
16:24:11,FIGHT,95
16:24:11,AGGRESSION,125
16:24:11,FALL,150
16:24:12,LOITERING,60
16:24:12,FIGHT,100
16:24:12,FALL,125
16:24:12,LOITERING,60
16:24:12,FIGHT,100
16:24:12,FALL,125
16:24:12,LOITERING,60
16:24:12,FIGHT,100
16:24:12,FALL,125
16:24:12,LOITERING,60
16:24:12,FIGHT,100
16:24:12,FALL,125
16:24:12,LOITERING,60
16:24:12,FIGHT,100
16:24:12,FALL,125
16:24:12,FIGHT,60
16:24:12,FALL,85
16:24:12,LOITERING,60
16:24:12,FIGHT,100
16:24:12,AGGRESSION,130
16:24:12,FALL,155
16:24:12,LOITERING,60
16:24:12,FIGHT,100
16:24:12,FALL,125
16:24:12,LOITERING,55
16:24:12,FIGHT,95
16:24:12,FALL,120
16:24:12,LOITERING,55
16:24:12,FIGHT,95
16:24:12,AGGRESSION,125
16:24:12,FALL,150
16:24:13,LOITERING,60
16:24:13,FIGHT,100
16:24:13,AGGRESSION,130
16:24:13,FALL,155
16:24:13,LOITERING,60
16:24:13,FIGHT,100
16:24:13,FALL,125
16:24:13,LOITERING,65
16:24:13,FIGHT,105
16:24:13,FALL,130
16:24:13,LOITERING,60
16:24:13,FIGHT,100
16:24:13,AGGRESSION,130
16:24:13,FALL,155
16:24:13,LOITERING,60
16:24:13,FIGHT,100
16:24:13,AGGRESSION,130
16:24:13,FALL,155
16:24:13,LOITERING,65
16:24:13,FIGHT,105
16:24:13,AGGRESSION,135
16:24:13,FALL,160
16:24:13,FIGHT,65
16:24:13,FALL,90
16:24:13,LOITERING,60
16:24:13,FIGHT,100
16:24:13,FALL,125
16:24:13,FIGHT,60
16:24:13,FALL,85
16:24:13,LOITERING,60
16:24:13,FIGHT,100
16:24:13,FALL,125
16:24:14,LOITERING,60
16:24:14,FIGHT,100
16:24:14,FALL,125
16:24:14,LOITERING,60
16:24:14,FIGHT,100
16:24:14,AGGRESSION,130
16:24:14,FALL,155
16:24:14,LOITERING,60
16:24:14,FIGHT,100
16:24:14,AGGRESSION,130
16:24:14,FALL,155
16:24:14,LOITERING,60
16:24:14,FIGHT,100
16:24:14,AGGRESSION,130
16:24:14,FALL,155
16:24:14,LOITERING,60
16:24:14,FIGHT,100
16:24:14,AGGRESSION,130
16:24:14,FALL,155
16:24:14,FIGHT,60
16:24:14,AGGRESSION,90
16:24:14,FALL,115
16:24:14,FIGHT,60
16:24:14,AGGRESSION,90
16:24:14,FALL,115
16:24:15,LOITERING,60
16:24:15,FIGHT,100
16:24:15,AGGRESSION,130
16:24:15,FALL,155
16:24:15,LOITERING,60
16:24:15,FIGHT,100
16:24:15,AGGRESSION,130
16:24:15,FALL,155
16:24:15,FIGHT,60
16:24:15,AGGRESSION,90
16:24:15,FALL,115
16:24:15,LOITERING,60
16:24:15,FIGHT,100
16:24:15,AGGRESSION,130
16:24:15,FALL,155
16:24:15,LOITERING,60
16:24:15,FIGHT,100
16:24:15,AGGRESSION,130
16:24:15,FALL,155
16:24:15,LOITERING,60
16:24:15,FIGHT,100
16:24:15,AGGRESSION,130
16:24:15,FALL,155
16:24:15,FIGHT,60
16:24:15,AGGRESSION,90
16:24:15,FALL,115
16:24:15,FIGHT,60
16:24:15,FALL,85
16:24:16,LOITERING,60
16:24:16,FIGHT,100
16:24:16,FALL,125
16:24:16,LOITERING,65
16:24:16,FIGHT,105
16:24:16,FALL,130
16:24:16,LOITERING,60
16:24:16,FIGHT,100
16:24:16,FALL,125
16:24:16,FIGHT,60
16:24:16,FALL,85
16:25:47,FIGHT,55
16:25:47,FIGHT,60
16:25:47,AGGRESSION,90
16:25:52,EMAIL ALERT SENT,90
16:25:52,AGGRESSION,45
16:25:52,FIGHT,60
16:25:52,AGGRESSION,90
16:25:52,FIGHT,60
16:25:52,AGGRESSION,90
16:25:52,AGGRESSION,45
16:25:52,AGGRESSION,50
16:25:52,AGGRESSION,50
16:25:52,AGGRESSION,50
16:25:52,FIGHT,60
16:25:52,AGGRESSION,90
16:25:53,FIGHT,65
16:25:53,AGGRESSION,95
16:25:53,FIGHT,70
16:25:53,AGGRESSION,100
16:25:53,FIGHT,65
16:25:53,AGGRESSION,95
16:25:53,FIGHT,65
16:25:53,AGGRESSION,95
16:25:53,FIGHT,60
16:25:53,AGGRESSION,90
16:25:53,FIGHT,55
16:25:53,FIGHT,60
16:25:53,AGGRESSION,90
16:25:53,FIGHT,60
16:25:53,AGGRESSION,90
16:25:53,FIGHT,50
16:25:53,AGGRESSION,80
16:25:54,FIGHT,60
16:25:54,AGGRESSION,90
16:25:54,FIGHT,65
16:25:54,AGGRESSION,95
16:25:54,AGGRESSION,50
16:25:54,AGGRESSION,50
16:25:54,AGGRESSION,40
16:25:54,AGGRESSION,50
16:25:55,AGGRESSION,50
16:25:55,AGGRESSION,50
16:25:55,AGGRESSION,45
16:25:55,AGGRESSION,45
16:25:55,AGGRESSION,45
16:25:55,FIGHT,60
16:25:55,AGGRESSION,50
16:25:55,FIGHT,70
16:25:55,AGGRESSION,100
16:25:55,FIGHT,70
16:25:55,AGGRESSION,100
16:25:55,FIGHT,70
16:25:55,AGGRESSION,100
16:25:56,FIGHT,70
16:25:56,AGGRESSION,100
16:25:56,FIGHT,70
16:25:56,AGGRESSION,100
16:25:56,FIGHT,70
16:25:56,AGGRESSION,100
16:25:56,AGGRESSION,55
16:25:56,FIGHT,70
16:25:56,AGGRESSION,100
16:25:56,AGGRESSION,50
16:25:56,FIGHT,70
16:25:56,AGGRESSION,100
16:25:56,FIGHT,65
16:25:56,AGGRESSION,95
16:25:56,FIGHT,65
16:25:56,AGGRESSION,95
16:25:56,FIGHT,65
16:25:57,FIGHT,70
16:25:57,FIGHT,70
16:25:57,AGGRESSION,100
16:25:57,FIGHT,65
16:25:57,AGGRESSION,95
16:25:57,FIGHT,70
16:25:57,FIGHT,60
16:25:57,AGGRESSION,90
16:25:57,FIGHT,65
16:25:57,FIGHT,75
16:25:57,AGGRESSION,105
16:25:57,FIGHT,70
16:25:57,AGGRESSION,100
16:25:57,FIGHT,75
16:25:57,AGGRESSION,105
16:25:57,FIGHT,70
16:25:57,AGGRESSION,100
16:25:57,FIGHT,65
16:25:58,FIGHT,70
16:25:58,FIGHT,70
16:25:58,FIGHT,70
16:25:58,AGGRESSION,100
16:25:58,FIGHT,70
16:25:58,FIGHT,70
16:25:58,FIGHT,70
16:25:58,FIGHT,65
16:25:58,FIGHT,60
16:25:58,FIGHT,65
16:25:58,FIGHT,65
16:25:58,AGGRESSION,95
16:25:58,FIGHT,65
16:25:59,FIGHT,65
16:26:00,FIGHT,60
16:26:00,FIGHT,65
16:26:00,AGGRESSION,40
16:26:01,FIGHT,55
16:26:01,FIGHT,55
16:26:01,FALL,80
16:26:01,FIGHT,50
16:26:02,FIGHT,50
16:26:02,FIGHT,50
16:26:02,FIGHT,50
16:26:02,FIGHT,55
16:26:02,FIGHT,60
16:26:02,AGGRESSION,90
16:26:02,FIGHT,55
16:26:02,FIGHT,65
16:26:02,AGGRESSION,95
16:26:02,FIGHT,55
16:26:02,FIGHT,60
16:26:02,FIGHT,55
16:26:02,FIGHT,60
16:26:02,AGGRESSION,90
16:26:02,FIGHT,65
16:26:02,AGGRESSION,95
16:26:03,FIGHT,60
16:26:03,FIGHT,55
16:26:03,FIGHT,50
16:26:03,FIGHT,60
16:26:03,FIGHT,55
16:26:03,FIGHT,55
16:26:03,FIGHT,50
16:26:03,AGGRESSION,80
16:26:04,AGGRESSION,35
16:26:04,FIGHT,55
16:26:04,FIGHT,65
16:26:04,AGGRESSION,95
16:26:04,FALL,120
16:26:04,AGGRESSION,55
16:26:04,AGGRESSION,50
16:26:04,FIGHT,75
16:26:04,AGGRESSION,105
16:26:04,FIGHT,65
16:26:04,AGGRESSION,95
16:26:04,FIGHT,65
16:26:04,AGGRESSION,95
16:26:04,FIGHT,65
16:26:04,AGGRESSION,95
16:26:04,FIGHT,65
16:26:04,AGGRESSION,95
16:26:04,FIGHT,70
16:26:04,AGGRESSION,100
16:26:05,AGGRESSION,50
16:26:05,FIGHT,60
16:26:05,FIGHT,55
16:26:05,FIGHT,55
16:26:05,AGGRESSION,35
16:26:05,AGGRESSION,35
